text,label
BREAKING: Secret government documents leaked proving alien contact since 1950s. Anonymous whistleblower reveals shocking truth that NASA has been hiding evidence for decades.,1
SHOCKING: Famous celebrity faked death and now living in remote island bunker. Family members are stunned by this incredible revelation.,1
"MUST READ: Local mom discovers $50,000 per week method working from phone. Banks are furious and trying to shut her down immediately.",1
URGENT: New world order planning to ban cash and private property next month. Leaked documents confirm the conspiracy.,1
EXPOSED: Vaccines contain nano-trackers according to anonymous whistleblower. Doctors are hiding the truth from patients.,1
INCREDIBLE: Man finds fountain of youth in kitchen spice rack. Doctors are stunned by this miracle discovery.,1
ALERT: Phone companies secretly recording every conversation through microphone. Privacy experts are outraged by this hidden practice.,1
REVEALED: Underground elite society controls all elections and stock markets. Insiders confess to the massive conspiracy.,1
WARNING: Drinking this common household chemical cures all diseases permanently. Medical industry suppressing the truth.,1
HIDDEN TRUTH: Moon landing completely staged in Hollywood studio. Insiders confess after decades of silence.,1
CONSPIRACY CONFIRMED: 5G towers designed to control human thoughts and behavior. Government documents prove everything.,1
MIRACLE: Blind man regains sight after drinking blessed water from internet preacher. Scientists cannot explain the phenomenon.,1
SHOCKING VIDEO: Politician caught in underground crime ring. Leaked footage exposes the corruption at highest levels.,1
BREAKING: Scientists discover earth is actually flat and NASA has been lying. Satellite images are all fabricated.,1
URGENT ALERT: New law will confiscate all guns and property starting Monday. Patriots must share this immediately.,1
EXPOSED: Major food brands putting poison in products to reduce population. Whistleblower reveals deadly conspiracy.,1
MUST SEE: Single tablet cures diabetes cancer and heart disease overnight. Pharmaceutical companies trying to ban it.,1
SECRET REVEALED: Free energy device suppressed by oil companies for decades. Inventor found dead under suspicious circumstances.,1
WARNING: Using this household item daily causes instant brain damage. Health officials hiding the danger from public.,1
SHOCKING: Famous actor secretly replaced by clone after 2015 accident. Body double finally speaks out.,1
BREAKING: Underground tunnels connecting all Walmart stores for military use. Former employee exposes the truth.,1
EXPOSED: Chemtrails confirmed to be mind control chemicals by pilot whistleblower. Government spraying population daily.,1
URGENT: All bank accounts to be frozen next week according to leaked memo. Withdraw your money immediately.,1
MIRACLE CURE: Ancient herb completely eliminates all viruses in 24 hours. Medical establishment suppressing the discovery.,1
Federal Reserve announces quarter-point interest rate hike to combat inflation. The decision was approved by the board of governors after months of economic analysis.,0
Local school district receives state grant for STEM education program expansion. The funding will support robotics and coding classes for underprivileged students.,0
Researchers publish peer-reviewed study on climate change impact on coral reefs. The findings indicate gradual warming patterns affecting marine biodiversity.,0
City council approves municipal budget focusing on infrastructure and public safety. The allocation includes road repairs and emergency response equipment.,0
Technology firm reports quarterly earnings showing steady revenue growth. The company attributes success to cloud computing division expansion.,0
Health department recommends updated COVID-19 booster for elderly populations. The advisory follows clinical trial data showing improved immunity response.,0
"University study finds correlation between regular exercise and cognitive health. Researchers tracked 5,000 participants over a ten-year period.",0
Regional meteorological service forecasts mild temperatures for upcoming week. The prediction suggests below-average rainfall for agricultural regions.,0
National sports team secures championship victory through disciplined training. The coach credits defensive strategy for the decisive win.,0
Agricultural department releases annual crop yield report showing stable production. Wheat and corn outputs remain consistent with previous season averages.,0
International summit addresses global trade agreements and economic cooperation. Delegates from 25 nations participated in the three-day conference.,0
"Medical journal publishes findings on new treatment protocol for diabetes management. The study involved 2,000 patients across twelve hospitals.",0
Senate committee reviews proposed legislation on renewable energy tax incentives. The bill aims to accelerate solar and wind infrastructure development.,0
Local library launches digital archive project preserving historical newspapers. The initiative will digitize 100 years of regional publications.,0
Transportation authority announces schedule changes for commuter rail lines. The adjustments accommodate increased ridership during peak hours.,0
University researchers develop new algorithm for early detection of forest fires. The system uses satellite imagery and weather pattern analysis.,0
Chamber of commerce reports increase in small business registrations this quarter. The growth reflects improved economic confidence among entrepreneurs.,0
Public health officials monitor seasonal flu activity across regional hospitals. Current data indicates typical transmission rates for this time of year.,0
Education board approves updated curriculum standards for mathematics and science. The changes align with national competency benchmarks.,0
Defense department releases annual report on military readiness and modernization. The assessment covers personnel training and equipment upgrades.,0
Environmental agency issues guidelines for industrial waste disposal compliance. The regulations target chemical manufacturing and processing facilities.,0
Labor statistics bureau publishes monthly employment figures for manufacturing sector. The report shows modest job growth in automotive and electronics industries.,0
Foreign ministry announces diplomatic visit to strengthen bilateral trade relations. The delegation will discuss tariff reductions and investment partnerships.,0
Space agency confirms successful deployment of new weather monitoring satellite. The instrument will improve hurricane tracking and precipitation forecasting.,0
